﻿<?xml version="1.0" encoding="utf-8"?>
<ImportExportXml xmlns:xsi="http://www.w3.org/2001/XMLSchema-instance">
  <Entities />
  <Roles />
  <Workflows />
  <FieldSecurityProfiles />
  <Templates />
  <EntityMaps />
  <EntityRelationships />
  <OrganizationSettings />
  <optionsets />
  <Dashboards>
    <Dashboard>
      <LocalizedNames>
        <LocalizedName description="Power BI Sample" languagecode="1033" />
      </LocalizedNames>
      <FormId>{2d6c3c1b-7b2f-e811-a958-000d3a3702ca}</FormId>
      <IsCustomizable>1</IsCustomizable>
      <IsDefault>0</IsDefault>
      <FormXml>
        <forms type="dashboard">
          <form>
            <tabs>
              <tab showlabel="false" verticallayout="true" id="{c438c320-68a5-49e4-9706-15d08e94b214}">
                <labels>
                  <label description="Tab" languagecode="1033" />
                </labels>
                <columns>
                  <column width="100%">
                    <sections>
                      <section showlabel="false" showbar="false" columns="111" id="{7c7b6fb5-b646-4a0d-9d58-4528548947dd}">
                        <labels>
                          <label description="Section" languagecode="1033" />
                        </labels>
                        <rows>
                          <row>
                            <cell colspan="3" rowspan="21" showlabel="false" id="{b4589ecc-c7a5-4431-b321-120f1def96ae}">
                              <labels>
                                <label description="Component0e07e79" languagecode="1033" />
                              </labels>
                              <control id="IFRAME_Component0e07e79" classid="{FD2A7985-3187-444e-908D-6624B21F69C0}">
                                <parameters>
                                  <Url>https://fedbizapps-embedpbi.azurewebsites.net/?reportId=af70a0f7-f9e3-41c3-8b2b-3e8675e6b4a3&amp;groupId=f03e8123-9d1f-4cc3-a544-21a12b9a39d4</Url>
                                  <PassParameters>false</PassParameters>
                                  <Security>false</Security>
                                  <Scrolling>auto</Scrolling>
                                  <Border>true</Border>
                                  <ShowOnMobileClient>false</ShowOnMobileClient>
                                </parameters>
                              </control>
                            </cell>
                          </row>
                          <row />
                          <row />
                          <row />
                          <row />
                          <row />
                          <row />
                          <row />
                          <row />
                          <row />
                          <row />
                          <row />
                          <row />
                          <row />
                          <row />
                          <row />
                          <row />
                          <row />
                          <row />
                          <row />
                          <row />
                        </rows>
                      </section>
                    </sections>
                  </column>
                </columns>
              </tab>
            </tabs>
          </form>
        </forms>
      </FormXml>
      <IntroducedVersion>1.0.0.0</IntroducedVersion>
      <IsTabletEnabled>0</IsTabletEnabled>
    </Dashboard>
  </Dashboards>
  <CustomControls />
  <EntityDataProviders />
  <Languages>
    <Language>1033</Language>
  </Languages>
</ImportExportXml>